game_id,date,honest_home_prob,honest_pick,actual,honest_correct,home_rest_penalty,away_rest_penalty
20251130_5_2,20251130,0.55,home,away,False,-15.0,-46.0
20251130_23_29,20251130,0.5403683882955227,home,away,False,-15.0,-15.0
20251130_26_10,20251130,0.13452922153788416,away,away,True,-15.0,0.0
20251130_16_24,20251130,0.55,home,home,True,-46.0,-15.0
20251130_13_3,20251130,0.9,home,home,True,-15.0,-46.0
20251201_27_15,20251201,0.29151560073611726,away,home,False,0.0,-15.0
20251201_26_10,20251201,0.12941666107332594,away,home,False,-46.0,-46.0
20251201_8_1,20251201,0.7462967053516496,home,home,True,-15.0,-46.0
20251201_13_21,20251201,0.8734709579622916,home,away,False,-46.0,-15.0
20251201_11_5,20251201,0.5472199159329278,home,away,False,-15.0,-46.0
20251201_7_6,20251201,0.9,home,away,False,-15.0,-15.0
20251201_14_12,20251201,0.65,home,home,True,-15.0,-15.0
20251201_19_4,20251201,0.8385516165973071,home,home,True,0.0,-15.0
20251201_17_30,20251201,0.55,home,home,True,-15.0,-15.0
20251202_24_29,20251202,0.72379668452374,home,home,True,-15.0,-15.0
20251202_28_22,20251202,0.65,home,home,True,-15.0,-15.0
20251202_3_16,20251202,0.29719734793998565,away,away,True,-15.0,-15.0
20251202_2_18,20251202,0.55,home,home,True,-15.0,-15.0
20251202_20_27,20251202,0.65,home,home,True,-15.0,-46.0
20251202_9_25,20251202,0.32979830862864956,away,away,True,0.0,-15.0
20251203_4_17,20251203,0.7755169696462909,home,away,False,-15.0,-15.0
20251203_1_12,20251203,0.55,home,away,False,-15.0,-15.0
20251203_15_8,20251203,0.7747635215263189,home,home,True,-15.0,-15.0
20251203_18_30,20251203,0.9,home,home,True,-46.0,-15.0
20251203_5_22,20251203,0.9,home,away,False,-15.0,-46.0
20251203_11_7,20251203,0.2987447854400219,away,away,True,-15.0,-15.0
20251203_10_23,20251203,0.8216549872462966,home,home,True,-15.0,0.0
20251203_19_24,20251203,0.65,home,away,False,-15.0,-46.0
20251203_6_14,20251203,0.5312267904765884,home,home,True,-15.0,-15.0
20251204_3_16,20251204,0.2944943119680279,away,away,True,-15.0,-15.0
20251204_20_9,20251204,0.32521213528591286,away,home,False,-15.0,-15.0
20251204_28_13,20251204,0.3193301113547322,away,away,True,-15.0,0.0
20251204_27_2,20251204,0.25781910911941475,away,away,True,-15.0,-15.0
20251204_17_26,20251204,0.5108699856783427,home,away,False,-46.0,0.0
20251205_18_26,20251205,0.9,home,home,True,-15.0,-46.0
20251205_25_6,20251205,0.9,home,home,True,0.0,-15.0
20251205_8_22,20251205,0.65,home,home,True,-15.0,-15.0
20251205_28_30,20251205,0.8042314541099591,home,away,False,-46.0,-15.0
20251205_10_21,20251205,0.8261957054621989,home,home,True,-15.0,0.0
20251205_4_11,20251205,0.42738637857006323,away,away,True,-15.0,-15.0
20251205_1_7,20251205,0.2799999999999999,away,away,True,-15.0,-15.0
20251205_2_13,20251205,0.65,home,home,True,-46.0,-46.0
20251205_5_24,20251205,0.795647072810441,home,home,True,-15.0,-15.0
20251205_15_20,20251205,0.9,home,away,False,-15.0,-46.0
20251205_19_14,20251205,0.55,home,home,True,-15.0,-15.0
20251205_29_12,20251205,0.5184168478579342,home,home,True,0.0,-15.0
20251206_5_9,20251206,0.65,home,away,False,-46.0,-15.0
20251206_8_15,20251206,0.49487202484438675,away,home,False,-46.0,-46.0
20251206_16_12,20251206,0.8472741099848812,home,home,True,-15.0,-46.0
20251206_14_23,20251206,0.55,home,away,False,-46.0,0.0
20251206_17_3,20251206,0.55,home,home,True,-15.0,-15.0
20251206_6_10,20251206,0.24252805663029164,away,home,False,-46.0,-46.0
20251206_27_1,20251206,0.39325470091503334,away,away,True,-15.0,-46.0
20251207_4_9,20251207,0.34237077249495873,away,away,True,-15.0,-46.0
20251207_18_19,20251207,0.7760744276451667,home,home,True,-15.0,-15.0
20251207_20_13,20251207,0.35789368812821,away,away,True,-15.0,-15.0
20251207_28_2,20251207,0.2657826273892704,away,away,True,-15.0,-15.0
20251207_30_7,20251207,0.2799999999999999,away,away,True,-15.0,-15.0
20251207_29_22,20251207,0.55,home,home,True,-15.0,-15.0
20251207_26_25,20251207,0.2799999999999999,away,away,True,-15.0,-15.0
20251208_3_24,20251208,0.22107713519495475,away,away,True,-15.0,0.0
20251208_16_21,20251208,0.8299171624061965,home,away,False,-15.0,0.0
20251208_11_23,20251208,0.8147153085443003,home,home,True,0.0,-15.0
20251209_19_14,20251209,0.55,home,home,True,-15.0,0.0
20251209_28_18,20251209,0.3346019349217233,away,away,True,-15.0,-15.0
20251210_13_24,20251210,0.7729599279504841,home,away,False,0.0,-15.0
20251210_25_21,20251210,0.9,home,home,True,0.0,-15.0
20251211_3_22,20251211,0.338834674116113,away,home,False,0.0,0.0
20251211_23_7,20251211,0.2799999999999999,away,away,True,0.0,0.0
20251211_15_2,20251211,0.4681598379667504,away,home,False,0.0,0.0
20251211_10_12,20251211,0.8172488323446739,home,home,True,0.0,0.0
20251212_20_11,20251212,0.478245442482479,away,home,False,0.0,0.0
20251212_8_1,20251212,0.75,home,home,True,0.0,0.0
20251212_30_4,20251212,0.5489139691017277,home,away,False,0.0,0.0
20251212_6_17,20251212,0.75,home,home,True,0.0,0.0
20251212_29_26,20251212,0.8306390913595313,home,away,False,0.0,0.0
20251212_9_16,20251212,0.55,home,away,False,0.0,0.0
20251212_27_5,20251212,0.2799999999999999,away,away,True,0.0,0.0
20251220_3_11,20251220,0.4096157108133155,away,home,False,-15.0,-15.0
20251220_23_22,20251220,0.55,home,away,False,-15.0,-15.0
20251220_9_21,20251220,0.8637333304579699,home,home,True,-15.0,-15.0
20251220_20_6,20251220,0.55,home,home,True,-46.0,-15.0
20251220_29_27,20251220,0.8478177204928627,home,away,False,0.0,-15.0
20251220_7_10,20251220,0.9,home,away,False,-15.0,-15.0
20251220_12_13,20251220,0.3054945796253069,away,home,False,-15.0,-15.0
20251220_28_2,20251220,0.3372850492900419,away,away,True,-15.0,-46.0
20251220_8_30,20251220,0.8758917309945133,home,home,True,-15.0,-15.0
20251220_26_19,20251220,0.30875405041391024,away,away,True,-15.0,-15.0
20251221_1_4,20251221,0.55,home,away,False,-15.0,-15.0
20251221_23_10,20251221,0.2875648835236495,away,home,False,-46.0,-46.0
20251221_18_14,20251221,0.8662258696806074,home,home,True,-15.0,-15.0
20251221_27_24,20251221,0.2249946371790854,away,away,True,-46.0,-15.0
20251221_17_28,20251221,0.5103570893490293,home,home,True,0.0,-46.0
20251221_16_15,20251221,0.55,home,home,True,-15.0,0.0
20251222_22_8,20251222,0.3180669565738017,away,away,True,-15.0,-15.0
20251222_25_29,20251222,0.9,home,home,True,0.0,-15.0
20251222_9_19,20251222,0.79650158850579,home,home,True,-15.0,-15.0
20251222_3_6,20251222,0.5009037618629257,home,home,True,-15.0,-15.0
20251222_5_30,20251222,0.9,home,home,True,0.0,-15.0
20251222_7_26,20251222,0.9,home,home,True,-15.0,-15.0
20251222_2_11,20251222,0.8511743235821837,home,home,True,-15.0,-15.0
20251223_21_13,20251223,0.33840089565949794,away,home,False,0.0,0.0
20251223_14_28,20251223,0.55,home,away,False,-15.0,-15.0
20251223_6_7,20251223,0.2799999999999999,away,home,False,-46.0,-46.0
20251223_1_4,20251223,0.5183691376903699,home,away,False,-15.0,-15.0
20251223_24_25,20251223,0.3227684122799166,away,home,False,-15.0,-46.0
20251223_22_19,20251223,0.5255280337185344,home,away,False,-46.0,-46.0
20251223_12_10,20251223,0.3763606668664756,away,home,False,0.0,-15.0
20251223_20_17,20251223,0.65,home,away,False,0.0,-15.0
20251223_23_8,20251223,0.33793278189826803,away,away,True,-15.0,-46.0
20251223_30_27,20251223,0.5735641602135138,home,home,True,-46.0,-15.0
20251223_16_18,20251223,0.55,home,home,True,-15.0,-15.0
20251223_26_29,20251223,0.4254561157453459,away,away,True,-46.0,-46.0
20251223_11_15,20251223,0.4661806783884822,away,away,True,-46.0,-15.0
20251223_5_3,20251223,0.8715793233853343,home,home,True,-46.0,-46.0
20251225_25_24,20251225,0.8795106768038662,home,away,False,-15.0,-15.0
20251225_18_5,20251225,0.5950238376318229,home,home,True,-15.0,-15.0
20251225_13_10,20251225,0.55,home,away,False,-15.0,-15.0
20251225_9_6,20251225,0.8779794244714334,home,home,True,0.0,-15.0
20251225_7_16,20251225,0.9,home,home,True,-15.0,-15.0
20251226_1_14,20251226,0.5366696008850165,home,away,False,0.0,0.0
20251226_22_12,20251226,0.5237691364641797,home,away,False,0.0,0.0
20251226_26_8,20251226,0.20986049794211226,away,home,False,0.0,0.0
20251226_3_21,20251226,0.46964649845135187,away,away,True,0.0,0.0
20251226_4_20,20251226,0.55,home,home,True,0.0,0.0
20251226_29_15,20251226,0.40768175332912915,away,home,False,0.0,0.0
20251226_27_28,20251226,0.420929667000007,away,home,False,0.0,0.0
20251226_19_30,20251226,0.7903478283893712,home,away,False,0.0,0.0
20251226_11_2,20251226,0.34160359410024055,away,away,True,0.0,0.0
20251227_3_21,20251227,0.3661382006761097,away,away,True,-46.0,-46.0
20251227_23_6,20251227,0.55,home,home,True,0.0,-15.0
20251227_19_7,20251227,0.2799999999999999,away,home,False,-46.0,-15.0
20251228_13_23,20251228,0.8089849345139445,home,home,True,0.0,-46.0
20251228_22_2,20251228,0.27466643186784245,away,home,False,-15.0,-15.0
20251228_27_29,20251228,0.42170735705885154,away,home,False,-15.0,-15.0
20251228_25_20,20251228,0.9,home,home,True,0.0,-15.0
20251228_28_9,20251228,0.3164614013345194,away,home,False,-15.0,0.0
20251228_12_8,20251228,0.4662788734972322,away,home,False,-15.0,-15.0
20251229_4_16,20251229,0.4380875857653542,away,away,True,0.0,0.0
20251229_27_21,20251229,0.3644169133064262,away,away,True,-46.0,-15.0
20251229_22_6,20251229,0.55,home,away,False,-46.0,-15.0
20251229_14_7,20251229,0.2799999999999999,away,home,False,0.0,-15.0
20251229_25_1,20251229,0.9,home,home,True,-46.0,0.0
20251229_3_18,20251229,0.31907349137932106,away,away,True,-15.0,0.0
20251229_17_9,20251229,0.3496978065368408,away,away,True,0.0,-46.0
20251229_24_5,20251229,0.55,home,away,False,0.0,0.0
20251229_30_15,20251229,0.3579403906652642,away,away,True,0.0,0.0
20251229_10_11,20251229,0.7758103998471568,home,home,True,0.0,0.0
20251229_28_19,20251229,0.5109188111250749,home,home,True,-46.0,-15.0
20251230_13_8,20251230,0.55,home,away,False,-15.0,-15.0
20251230_29_20,20251230,0.55,home,away,False,-15.0,-15.0
20251230_26_2,20251230,0.25781910911941475,away,away,True,0.0,-15.0
20251230_12_23,20251230,0.75,home,home,True,-15.0,-15.0
20251231_15_27,20251231,0.9,home,away,False,-15.0,-15.0
20251231_25_22,20251231,0.9,home,home,True,-15.0,-15.0
20251231_28_7,20251231,0.2799999999999999,away,away,True,-15.0,-15.0
20251231_1_16,20251231,0.2870575200406065,away,home,False,-15.0,-15.0
20251231_24_18,20251231,0.55,home,home,True,-15.0,-15.0
20251231_11_19,20251231,0.55,home,away,False,-15.0,-15.0
20251231_4_3,20251231,0.744401182736224,home,home,True,-15.0,-15.0
20251231_30_9,20251231,0.25571904795040656,away,away,True,-15.0,-15.0
20251231_5_21,20251231,0.8148636012550133,home,home,True,-15.0,-15.0
20260101_6_20,20260101,0.55,home,away,False,0.0,-15.0
20260101_23_2,20260101,0.26458706587230063,away,away,True,-15.0,-15.0
20260101_12_26,20260101,0.9,home,home,True,-15.0,-15.0
20260101_17_10,20260101,0.2491523551425434,away,away,True,0.0,0.0
20260101_8_14,20260101,0.7326736692932652,home,away,False,-15.0,0.0
20260102_13_29,20260102,0.75,home,home,True,0.0,0.0
20260102_9_25,20260102,0.41426336760422033,away,away,True,-15.0,-15.0
20260102_27_17,20260102,0.7195411387023684,home,home,True,-15.0,-46.0
20260102_3_22,20260102,0.40495907327180736,away,away,True,-15.0,-15.0
20260102_18_1,20260102,0.8487869445690306,home,away,False,-15.0,-15.0
20260102_11_24,20260102,0.40101124755840567,away,away,True,-15.0,-15.0
20260102_5_7,20260102,0.45271616713985763,away,home,False,-15.0,-15.0
20260102_4_19,20260102,0.5151804950243575,home,home,True,-15.0,-15.0
20260102_15_30,20260102,0.9,home,home,True,-15.0,-15.0
20260102_21_23,20260102,0.8222714684529443,home,home,True,-15.0,-46.0
20260103_28_1,20260103,0.65,home,home,True,0.0,-46.0
20260103_12_2,20260103,0.4744761874977983,away,away,True,-15.0,-15.0
20260103_6_10,20260103,0.25111469041095835,away,home,False,-15.0,-15.0
20260103_18_20,20260103,0.7840203846134031,home,away,False,-46.0,-15.0
20260103_24_22,20260103,0.8328736823018458,home,away,False,-46.0,-46.0
20260103_14_16,20260103,0.44622783028904345,away,away,True,-15.0,0.0
20260103_9_26,20260103,0.9,home,home,True,-46.0,-15.0
20260103_4_30,20260103,0.65,home,away,False,-46.0,-46.0
20260104_23_15,20260104,0.31303335557794787,away,away,True,-15.0,-15.0
20260104_13_29,20260104,0.7904522903530561,home,home,True,-15.0,-15.0
20260104_5_8,20260104,0.8168076907707665,home,away,False,-15.0,0.0
20260104_17_7,20260104,0.2799999999999999,away,home,False,-15.0,-15.0
20260104_27_16,20260104,0.3881951753472178,away,away,True,-15.0,-46.0
20260104_14_3,20260104,0.8318203541857411,home,home,True,-46.0,-15.0
20260104_19_11,20260104,0.55,home,home,True,-15.0,-15.0
20260104_21_25,20260104,0.2799999999999999,away,home,False,-15.0,-15.0
20260105_10_21,20260105,0.7451035090745505,home,home,True,-15.0,-46.0
20260105_25_30,20260105,0.9,home,away,False,-46.0,-15.0
20260105_20_7,20260105,0.2799999999999999,away,away,True,-15.0,-46.0
20260105_8_18,20260105,0.5173479003435759,home,home,True,-46.0,-15.0
20260105_22_26,20260105,0.7915860670348042,home,home,True,-15.0,-15.0
20260105_28_1,20260105,0.65,home,home,True,-15.0,-15.0
20260105_2_4,20260105,0.9,home,home,True,-15.0,-15.0
20260105_12_9,20260105,0.5509315423094898,home,home,True,-15.0,-15.0
20260106_3_13,20260106,0.18699448886087422,away,away,True,-15.0,-15.0
20260106_29_24,20260106,0.34781861244432577,away,home,False,-15.0,0.0
20260106_27_19,20260106,0.42590561096745494,away,home,False,-15.0,-15.0
20260106_16_14,20260106,0.7952253410162918,home,home,True,-15.0,-15.0
20260106_11_5,20260106,0.3731283259476563,away,away,True,-15.0,-15.0
20260106_23_6,20260106,0.4204916068779241,away,away,True,-15.0,0.0
20260107_24_13,20260107,0.48657904734702595,away,home,False,-46.0,-46.0
20260107_17_19,20260107,0.4125677118082247,away,away,True,0.0,-46.0
20260107_8_4,20260107,0.8544776218250479,home,home,True,-15.0,-15.0
20260107_30_28,20260107,0.42738280841997023,away,away,True,-15.0,-15.0
20260107_18_12,20260107,0.55,home,home,True,-15.0,-15.0
20260107_9_15,20260107,0.5781869073383261,home,home,True,-15.0,0.0
20260107_25_26,20260107,0.9,home,home,True,-15.0,-15.0
20260107_29_21,20260107,0.40715953420855555,away,away,True,-46.0,-15.0
20260107_2_7,20260107,0.551028283625834,home,away,False,-15.0,-15.0
20260107_1_3,20260107,0.8254098867659109,home,home,True,-15.0,-46.0
20260107_22_10,20260107,0.3283692739739106,away,home,False,-15.0,-15.0
20260107_20_27,20260107,0.7268636638597067,home,home,True,-15.0,-46.0
20260108_26_6,20260108,0.32855183781347097,away,home,False,-46.0,-15.0
20260108_16_5,20260108,0.55,home,home,True,-15.0,-15.0
20260108_30_11,20260108,0.5125889128965422,home,away,False,-46.0,-15.0
20260109_13_15,20260109,0.5605458497050092,home,away,False,-15.0,-15.0
20260109_7_1,20260109,0.9,home,away,False,-15.0,-15.0
20260109_29_25,20260109,0.2799999999999999,away,away,True,-15.0,-15.0
20260109_19_20,20260109,0.539451692210389,home,away,False,-15.0,-15.0
20260109_27_3,20260109,0.7812355616527241,home,away,False,-15.0,-15.0
20260109_22_10,20260109,0.3695923468325364,away,home,False,-15.0,-15.0
20260109_2_28,20260109,0.9,home,home,True,-15.0,-15.0
20260109_21_18,20260109,0.55,home,home,True,-15.0,-15.0
20260109_17_12,20260109,0.4001576355145966,away,away,True,-15.0,-15.0
20260109_9_23,20260109,0.9,home,home,True,-15.0,0.0
20260110_4_6,20260110,0.55,home,home,True,0.0,-15.0
20260110_5_16,20260110,0.55,home,home,True,-15.0,-15.0
20260110_8_12,20260110,0.8143518887551048,home,away,False,0.0,-46.0
20260110_26_30,20260110,0.5174778116469576,home,away,False,-15.0,-15.0
20260110_11_14,20260110,0.55,home,home,True,-15.0,0.0
20260110_2_24,20260110,0.7979712859976232,home,away,False,-46.0,0.0
20260111_28_20,20260111,0.5370685310127179,home,home,True,-15.0,-15.0
20260111_19_3,20260111,0.7997517260238112,home,home,True,-15.0,-15.0
20260111_25_14,20260111,0.9,home,home,True,-15.0,-46.0
20260111_7_15,20260111,0.8222436347796549,home,home,True,-15.0,-15.0
20260111_16_24,20260111,0.7252067785738232,home,home,True,-46.0,-46.0
20260111_9_1,20260111,0.844916074437986,home,away,False,-15.0,-15.0
20260111_21_27,20260111,0.8521912938218839,home,home,True,-15.0,-15.0
20260111_23_10,20260111,0.2160608453300379,away,home,False,-15.0,-15.0
20260111_22_18,20260111,0.5343827173223206,home,away,False,-15.0,-15.0
20260111_29_17,20260111,0.7339979646217593,home,home,True,-15.0,-15.0
20260112_5_26,20260112,0.9,home,away,False,-15.0,-15.0
20260112_23_13,20260112,0.2491267955720562,away,home,False,-46.0,0.0
20260112_28_20,20260112,0.55,home,away,False,-46.0,-46.0
20260112_6_17,20260112,0.75,home,home,True,-15.0,-46.0
20260112_11_2,20260112,0.3714203339583564,away,home,False,-15.0,-15.0
20260112_12_30,20260112,0.55,home,home,True,-15.0,-15.0
20260301_18_24,20260301,0.4388427859102072,away,home,False,-15.0,0.0
20260301_17_5,20260301,0.2799999999999999,away,away,True,-15.0,-15.0
20260301_4_15,20260301,0.29664771730046224,away,home,False,0.0,-15.0
20260301_7_16,20260301,0.9,home,away,False,-15.0,0.0
20260301_11_29,20260301,0.65,home,away,False,0.0,-15.0
20260301_1_22,20260301,0.7202187624711786,home,home,True,0.0,-46.0
20260301_2_20,20260301,0.8952872649361527,home,home,True,-15.0,0.0
20260301_19_8,20260301,0.39870680310970175,away,away,True,0.0,-15.0
20260301_6_25,20260301,0.2799999999999999,away,away,True,-15.0,-15.0
20260301_12_3,20260301,0.8146609424252818,home,home,True,0.0,-46.0
20260301_13_23,20260301,0.8770700933188036,home,home,True,-46.0,0.0
20260302_27_10,20260302,0.1892992795187184,away,away,True,-15.0,-15.0
20260302_15_2,20260302,0.3944188314179943,away,away,True,-46.0,-46.0
20260302_26_7,20260302,0.2799999999999999,away,away,True,-15.0,-46.0
20260302_9_12,20260302,0.7265105912466171,home,away,False,-15.0,-46.0
20260303_30_6,20260303,0.8473236215971228,home,home,True,0.0,-15.0
20260303_5_8,20260303,0.75,home,home,True,-15.0,-15.0
20260303_19_27,20260303,0.8171485887639491,home,home,True,-15.0,-46.0
20260303_14_17,20260303,0.9,home,home,True,0.0,-15.0
20260303_28_18,20260303,0.47904172117477484,away,away,True,0.0,-15.0
20260303_20_24,20260303,0.390109020956098,away,away,True,-15.0,-15.0
20260303_4_25,20260303,0.2799999999999999,away,away,True,-15.0,-15.0
20260303_16_29,20260303,0.885496712392895,home,home,True,-15.0,-15.0
20260303_13_3,20260303,0.8973677765155125,home,home,True,-15.0,-15.0
20260303_23_21,20260303,0.4765430899140306,away,away,True,-15.0,0.0
20260304_18_25,20260304,0.4492294980900551,away,away,True,-46.0,-46.0
20260304_2_30,20260304,0.8719881878568633,home,away,False,-15.0,-46.0
20260304_20_26,20260304,0.856934402348645,home,home,True,-46.0,-15.0
20260304_29_22,20260304,0.45901944457271115,away,away,True,-46.0,0.0
20260304_15_1,20260304,0.65,home,away,False,-15.0,0.0
20260304_12_11,20260304,0.788623745870966,home,home,True,-15.0,0.0
20260305_19_6,20260305,0.75,home,home,True,-15.0,-15.0
20260305_27_26,20260305,0.65,home,away,False,-15.0,-46.0
20260305_14_17,20260305,0.9,home,home,True,-15.0,-15.0
20260305_10_9,20260305,0.55,home,away,False,0.0,0.0
20260305_16_28,20260305,0.7847008892685867,home,home,True,-15.0,-15.0
20260305_24_8,20260305,0.65,home,home,True,-15.0,-15.0
20260305_21_4,20260305,0.75,home,away,False,-15.0,-15.0
20260305_7_13,20260305,0.854035486458822,home,home,True,0.0,-15.0
20260305_23_3,20260305,0.55,home,away,False,-15.0,-15.0
20260306_2_6,20260306,0.9,home,home,True,-15.0,-46.0
20260306_30_14,20260306,0.7827743100958638,home,away,False,-15.0,-46.0
20260306_10_22,20260306,0.7767671315447725,home,home,True,-46.0,-15.0
20260306_7_18,20260306,0.8405220731689255,home,away,False,-46.0,-15.0
20260306_21_3,20260306,0.7246423791956345,home,home,True,-46.0,-46.0
20260306_24_12,20260306,0.65,home,home,True,-46.0,-15.0
20260306_13_11,20260306,0.8932100785775838,home,home,True,-46.0,-15.0
20260307_16_19,20260307,0.8604022636857069,home,away,False,-15.0,-15.0
20260307_8_17,20260307,0.9,home,away,False,-15.0,-15.0
20260307_1_20,20260307,0.75,home,home,True,0.0,0.0
20260307_29_12,20260307,0.4651400670358423,away,away,True,0.0,-46.0
20260307_15_26,20260307,0.9,home,home,True,0.0,-15.0
20260307_25_9,20260307,0.9,home,home,True,0.0,-15.0
20260308_21_30,20260308,0.5226735943184514,home,home,True,-15.0,-15.0
20260308_22_11,20260308,0.65,home,home,True,-15.0,-15.0
20260308_3_27,20260308,0.65,home,home,True,-15.0,0.0
20260308_28_6,20260308,0.8142253352150188,home,home,True,0.0,-15.0
20260308_24_10,20260308,0.744231964441379,home,home,True,-15.0,-15.0
20260308_5_2,20260308,0.5485859382491961,home,away,False,0.0,-15.0
20260308_13_18,20260308,0.5017205065272023,home,home,True,-15.0,-15.0
20260308_14_8,20260308,0.55,home,home,True,-15.0,-46.0
20260308_15_19,20260308,0.7204561532689346,home,away,False,-46.0,-46.0
20260308_23_4,20260308,0.5408659795125245,home,home,True,0.0,0.0
20260309_5_20,20260309,0.8994755538980801,home,home,True,-46.0,-15.0
20260309_17_29,20260309,0.3195797291314564,away,home,False,-15.0,-15.0
20260309_25_7,20260309,0.55,home,home,True,-15.0,0.0
20260309_26_9,20260309,0.2776435983397081,away,home,False,-15.0,-15.0
20260309_12_18,20260309,0.551316063063664,home,home,True,-15.0,-46.0
20260310_20_29,20260310,0.65,home,home,True,-46.0,-46.0
20260310_17_8,20260310,0.18967545106272388,away,away,True,-46.0,-15.0
20260310_14_27,20260310,0.9,home,home,True,-15.0,-15.0
20260310_1_6,20260310,0.9,home,home,True,0.0,-15.0
20260310_10_28,20260310,0.65,home,home,True,-15.0,-15.0
20260310_15_21,20260310,0.65,home,away,False,-15.0,-15.0
20260310_24_2,20260310,0.5442699186729612,home,home,True,-15.0,-15.0
20260310_9_4,20260310,0.8083810356839809,home,away,False,-46.0,-15.0
20260310_22_30,20260310,0.5287838659392237,home,away,False,-15.0,-15.0
20260310_23_11,20260310,0.55,home,home,True,-15.0,-15.0
20260310_13_16,20260310,0.65,home,home,True,-15.0,0.0
20260311_26_18,20260311,0.2740983487493728,away,away,True,-15.0,-15.0
20260311_3_28,20260311,0.5034050285260842,home,home,True,0.0,-46.0
20260311_12_16,20260311,0.55,home,home,True,-15.0,-46.0
20260311_23_30,20260311,0.4607066237254066,away,away,True,-46.0,-46.0
20260311_19_5,20260311,0.41674501533920305,away,home,False,0.0,-15.0
20260311_7_10,20260311,0.9,home,home,True,-15.0,-46.0
20260312_8_20,20260312,0.7999703983285673,home,home,True,-15.0,-15.0
20260312_11_21,20260312,0.39451061210379745,away,away,True,-15.0,-15.0
20260312_19_27,20260312,0.8996234316683615,home,home,True,-46.0,-15.0
20260312_1_17,20260312,0.9,home,home,True,-15.0,-15.0
20260312_14_15,20260312,0.65,home,home,True,-15.0,-15.0
20260312_24_7,20260312,0.5270410862794138,home,away,False,-15.0,-46.0
20260312_25_2,20260312,0.7749412901236091,home,home,True,0.0,-15.0
20260312_13_4,20260312,0.9,home,home,True,-15.0,-15.0
20260312_29_6,20260312,0.55,home,away,False,-15.0,-15.0
20260313_8_29,20260313,0.9,home,home,True,-46.0,-46.0
20260313_11_18,20260313,0.30817242908822184,away,away,True,-46.0,-15.0
20260313_28_21,20260313,0.5307714015415372,home,home,True,-15.0,-46.0
20260313_10_3,20260313,0.75,home,home,True,-15.0,-15.0
20260313_6_5,20260313,0.2799999999999999,away,away,True,-46.0,-15.0
20260313_9_16,20260313,0.55,home,away,False,0.0,-15.0
20260313_22_26,20260313,0.8320159789301343,home,home,True,0.0,-15.0
20260313_12_4,20260313,0.8992332422614572,home,home,True,-15.0,-46.0
20260314_20_17,20260314,0.84329152187703,home,home,True,-15.0,-15.0
20260314_1_15,20260314,0.55,home,home,True,-15.0,-15.0
20260314_2_27,20260314,0.9,home,home,True,-15.0,-15.0
20260314_14_19,20260314,0.55,home,away,False,-15.0,-15.0
20260314_24_30,20260314,0.8070355745209348,home,home,True,-15.0,0.0
20260314_13_7,20260314,0.4083989782637225,away,home,False,-15.0,-15.0
20260314_12_23,20260314,0.8053369593263263,home,away,False,-46.0,0.0
20260315_28_8,20260315,0.3551031548487906,away,home,False,-15.0,-15.0
20260315_20_22,20260315,0.4956488731747264,away,home,False,-46.0,-15.0
20260315_25_16,20260315,0.9,home,home,True,0.0,-15.0
20260315_15_11,20260315,0.7873165671084766,home,home,True,-46.0,-15.0
20260315_5_6,20260315,0.9,home,away,False,-15.0,-15.0
20260315_23_26,20260315,0.75,home,home,True,-46.0,-15.0
20260315_18_9,20260315,0.75,home,home,True,-15.0,-15.0
20260316_17_22,20260316,0.3054220415569924,away,away,True,-15.0,-46.0
20260316_12_24,20260316,0.4203964219866434,away,away,True,-15.0,-15.0
20260316_3_6,20260316,0.7490034137499203,home,home,True,0.0,-46.0
20260316_4_29,20260316,0.65,home,home,True,0.0,0.0
20260316_1_19,20260316,0.5499164882906155,home,home,True,-15.0,-15.0
20260316_2_21,20260316,0.8679626470390615,home,home,True,-15.0,0.0
20260316_10_13,20260316,0.37743652652951065,away,away,True,0.0,-15.0
20260316_27_9,20260316,0.3317699716591129,away,away,True,-15.0,-46.0
20260317_15_5,20260317,0.4341179120911425,away,away,True,-15.0,-15.0
20260317_18_11,20260317,0.8890836715580777,home,home,True,-15.0,-15.0
20260317_27_8,20260317,0.1528826078941774,away,away,True,-46.0,-15.0
20260317_19_25,20260317,0.2799999999999999,away,away,True,-46.0,-15.0
20260317_23_24,20260317,0.2660562479166213,away,away,True,-15.0,-46.0
20260317_7_20,20260317,0.9,home,home,True,0.0,-15.0
20260317_16_21,20260317,0.65,home,home,True,-15.0,-46.0
20260317_30_14,20260317,0.5657335474870171,home,home,True,0.0,0.0
20260318_4_28,20260318,0.39248279550514664,away,away,True,-15.0,0.0
20260318_17_25,20260318,0.2799999999999999,away,away,True,-15.0,-46.0
20260318_3_12,20260318,0.4821694064847033,away,home,False,-15.0,-15.0
20260318_11_22,20260318,0.36529798008858005,away,away,True,-46.0,-15.0
20260318_29_7,20260318,0.2799999999999999,away,home,False,-15.0,-46.0
20260318_6_1,20260318,0.2571835674452566,away,away,True,-15.0,-15.0
20260318_10_13,20260318,0.32624065021318205,away,away,True,-15.0,-15.0
20260318_2_9,20260318,0.835243081186188,home,home,True,-15.0,-15.0
20260318_16_26,20260318,0.9,home,home,True,-46.0,0.0
20260319_30_19,20260319,0.55,home,home,True,-15.0,-15.0
20260319_27_8,20260319,0.15800940049961698,away,away,True,-15.0,-15.0
20260319_14_13,20260319,0.35505475304953693,away,away,True,-15.0,-46.0
20260319_4_5,20260319,0.2799999999999999,away,away,True,-46.0,-15.0
20260319_3_12,20260319,0.5548187474622326,home,home,True,-46.0,-46.0
20260319_24_21,20260319,0.858780359652002,home,home,True,-15.0,-15.0
20260319_26_15,20260319,0.2799999999999999,away,home,False,-46.0,-15.0
20260319_23_20,20260319,0.5896062548356263,home,away,False,-15.0,-15.0
20260320_29_2,20260320,0.25781910911941475,away,away,True,-15.0,-15.0
20260320_16_22,20260320,0.773652097759119,home,away,False,-15.0,-15.0
20260320_17_18,20260320,0.26561799261879226,away,away,True,-15.0,0.0
20260320_7_28,20260320,0.9,home,home,True,-15.0,-15.0
20260320_8_9,20260320,0.65,home,home,True,-46.0,-15.0
20260320_10_1,20260320,0.5009771366456596,home,home,True,-15.0,-15.0
20260321_6_12,20260321,0.46383127859617146,away,away,True,0.0,-15.0
20260321_27_25,20260321,0.2799999999999999,away,away,True,-15.0,0.0
20260321_21_15,20260321,0.5502554949662426,home,away,False,-15.0,-15.0
20260321_24_11,20260321,0.9,home,home,True,-15.0,0.0
20260321_19_13,20260321,0.2574369736593056,away,away,True,-15.0,-15.0
20260321_10_14,20260321,0.55,home,home,True,-46.0,-15.0
20260321_26_20,20260321,0.4044932541731602,away,away,True,-15.0,-15.0
20260321_1_9,20260321,0.55,home,home,True,-46.0,-46.0
20260321_30_29,20260321,0.8968510197690275,home,home,True,-15.0,-46.0
20260321_3_5,20260321,0.31585386021453055,away,away,True,-15.0,-15.0
20260322_23_17,20260322,0.8164317583217265,home,home,True,0.0,-15.0
20260322_2_16,20260322,0.7884921298348493,home,away,False,-15.0,-15.0
20260322_7_22,20260322,0.9,home,home,True,-15.0,-15.0
20260322_18_27,20260322,0.9,home,home,True,-15.0,-46.0
20260322_21_28,20260322,0.45633943662626064,away,home,False,-46.0,-15.0
20260323_1_29,20260323,0.8755179643756209,home,home,True,-15.0,-15.0
20260323_8_13,20260323,0.5293113123190362,home,home,True,0.0,-15.0
20260323_19_11,20260323,0.65,home,away,False,-15.0,-15.0
20260323_20_25,20260323,0.2799999999999999,away,away,True,-15.0,-15.0
20260323_14_24,20260323,0.23592108505151166,away,away,True,-15.0,-15.0
20260323_4_10,20260323,0.27888553033739016,away,home,False,0.0,-15.0
20260323_26_28,20260323,0.3147832137434392,away,away,True,-15.0,-46.0
20260323_6_9,20260323,0.3602698639284462,away,away,True,-15.0,-15.0
20260323_22_17,20260323,0.8965100052994481,home,home,True,-46.0,-46.0
20260323_12_15,20260323,0.5725515090139538,home,home,True,-15.0,-15.0
20260324_30_23,20260324,0.84693844190234,home,home,True,0.0,-15.0
20260324_18_3,20260324,0.8997573577947723,home,home,True,-15.0,0.0
20260324_5_19,20260324,0.9,home,home,True,0.0,-46.0
20260324_21_7,20260324,0.2799999999999999,away,away,True,-15.0,-15.0
20260325_16_10,20260325,0.75,home,home,True,0.0,-15.0
20260325_2_25,20260325,0.44892287885239324,away,home,False,0.0,-15.0
20260325_20_4,20260325,0.7428443159798311,home,home,True,-15.0,-15.0
20260325_22_15,20260325,0.5254613606820647,home,home,True,-15.0,-15.0
20260325_29_24,20260325,0.140553534900986,away,away,True,-15.0,-15.0
20260325_11_13,20260325,0.22810160905514432,away,away,True,-15.0,-15.0
20260325_9_17,20260325,0.9,home,home,True,-15.0,-15.0
20260325_5_14,20260325,0.9,home,away,False,-46.0,-15.0
20260325_8_1,20260325,0.65,home,away,False,-15.0,-15.0
20260325_12_28,20260325,0.55,home,home,True,-15.0,-15.0
20260325_7_6,20260325,0.9,home,home,True,-46.0,-15.0
20260325_26_27,20260325,0.55,home,away,False,-15.0,0.0
20260326_30_18,20260326,0.51787888761386,home,home,True,-15.0,-15.0
20260326_8_3,20260326,0.8301867733309082,home,home,True,-46.0,-15.0
20260326_19_23,20260326,0.7297585514628402,home,home,True,-15.0,-15.0
20260327_5_14,20260327,0.8955007845169131,home,home,True,-15.0,-15.0
20260327_25_4,20260327,0.9,home,home,True,-15.0,-15.0
20260327_28_3,20260327,0.75,home,home,True,-15.0,-46.0
20260327_29_10,20260327,0.19781027559343878,away,away,True,-15.0,-15.0
20260327_2_1,20260327,0.8719861079488239,home,home,True,-15.0,-15.0
20260327_9_27,20260327,0.8788275675366467,home,home,True,-15.0,-15.0
20260327_11_12,20260327,0.4380420666355721,away,away,True,-15.0,-15.0
20260327_13_17,20260327,0.9,home,home,True,-15.0,-15.0
20260327_7_26,20260327,0.9,home,home,True,-15.0,-15.0
20260327_22_6,20260327,0.8725962557784157,home,away,False,-15.0,-15.0
20260328_29_4,20260328,0.49143782660315727,away,home,False,-46.0,-46.0
20260328_30_20,20260328,0.7991840451428615,home,away,False,-15.0,0.0
20260328_21_26,20260328,0.8936394460173306,home,home,True,0.0,-46.0
20260328_1_23,20260328,0.8146230350901837,home,home,True,-46.0,-15.0
20260328_15_24,20260328,0.2424726784654957,away,away,True,0.0,0.0
20260328_16_8,20260328,0.55,home,away,False,0.0,-15.0
20260329_11_14,20260329,0.5028038922195124,home,home,True,-15.0,-15.0
20260329_17_23,20260329,0.5315945219684809,home,home,True,-15.0,-46.0
20260329_30_2,20260329,0.3921932116255853,away,away,True,-46.0,-15.0
20260329_25_18,20260329,0.864612314268278,home,home,True,-15.0,0.0
20260329_15_12,20260329,0.5029269063233477,home,away,False,-46.0,-15.0
20260329_22_27,20260329,0.8603796525245303,home,home,True,-15.0,-15.0
20260329_3_10,20260329,0.27914204532116227,away,away,True,-15.0,-15.0
20260329_28_19,20260329,0.55,home,home,True,-15.0,0.0
20260329_7_9,20260329,0.9,home,home,True,-15.0,-15.0
20260330_25_8,20260330,0.8662188813646741,home,home,True,-46.0,-15.0
20260330_13_27,20260330,0.9,home,home,True,0.0,-46.0
20260330_6_16,20260330,0.33901067601247303,away,away,True,0.0,-15.0
20260330_29_21,20260330,0.2486734943564488,away,away,True,-15.0,-15.0
20260330_26_5,20260330,0.2799999999999999,away,away,True,-15.0,0.0
20260330_14_20,20260330,0.5181832994569111,home,home,True,-46.0,-15.0
20260330_24_4,20260330,0.9,home,home,True,-15.0,-15.0
20260330_1_2,20260330,0.3918871786757776,away,home,False,-15.0,-46.0
20260331_15_6,20260331,0.8455335315920623,home,home,True,-15.0,-46.0
20260331_17_30,20260331,0.2868182285969272,away,away,True,-15.0,-15.0
20260331_10_18,20260331,0.5783947434491062,home,home,True,-15.0,-15.0
20260331_19_21,20260331,0.438949717646427,away,home,False,-15.0,-46.0
20260331_13_5,20260331,0.5255859980857908,home,home,True,-46.0,-46.0
20260331_8_28,20260331,0.65,home,home,True,-46.0,-15.0
20260331_12_22,20260331,0.65,home,away,False,-15.0,-15.0
20260401_29_18,20260401,0.2775991521751897,away,away,True,-15.0,-46.0
20260401_10_15,20260401,0.65,home,home,True,-46.0,-46.0
20260401_28_23,20260401,0.804768537787942,home,away,False,-46.0,0.0
20260401_9_24,20260401,0.26366476300567854,away,away,True,0.0,-15.0
20260401_26_7,20260401,0.2799999999999999,away,away,True,-15.0,0.0
20260401_27_20,20260401,0.394449004134494,away,away,True,-15.0,-15.0
20260401_4_11,20260401,0.4887999837711494,away,away,True,-15.0,0.0
20260401_14_2,20260401,0.3087053358469015,away,away,True,-15.0,-15.0
20260401_19_1,20260401,0.32468486961691756,away,away,True,-46.0,-15.0
20260402_12_24,20260402,0.3257393012852293,away,away,True,-15.0,-46.0
20260402_25_13,20260402,0.8158363738568889,home,home,True,0.0,-15.0
20260402_8_16,20260402,0.55,home,home,True,-15.0,0.0
20260402_22_3,20260402,0.8926868169060415,home,home,True,-15.0,0.0
20260402_30_21,20260402,0.55,home,home,True,-15.0,-15.0
20260402_9_5,20260402,0.401445314326607,away,away,True,-46.0,-15.0
20260403_23_3,20260403,0.65,home,home,True,-15.0,-46.0
20260403_30_11,20260403,0.55,home,home,True,-46.0,-15.0
20260403_17_1,20260403,0.14154230469482165,away,away,True,0.0,-15.0
20260403_29_28,20260403,0.27407668635299953,away,away,True,-15.0,-15.0
20260403_15_2,20260403,0.3560692178086903,away,away,True,-15.0,-15.0
20260403_20_16,20260403,0.5406043077570801,home,home,True,-15.0,-46.0
20260403_10_26,20260403,0.9,home,home,True,-15.0,-15.0
20260403_18_4,20260403,0.9,home,home,True,-15.0,-15.0
20260403_6_19,20260403,0.5013621231983241,home,away,False,0.0,-15.0
20260404_14_27,20260404,0.8194377945938038,home,home,True,0.0,0.0
20260404_7_24,20260404,0.820195299822529,home,home,True,0.0,-15.0
20260404_20_8,20260404,0.3947983740696056,away,away,True,-46.0,-15.0
20260405_6_13,20260405,0.17606652104585518,away,home,False,-15.0,0.0
20260405_3_19,20260405,0.42488384624689013,away,away,True,-15.0,-15.0
20260405_25_26,20260405,0.9,home,home,True,0.0,-15.0
20260405_9_10,20260405,0.3923448990658389,away,away,True,0.0,-15.0
20260405_23_12,20260405,0.463077709254369,away,away,True,-15.0,0.0
20260405_5_11,20260405,0.9,home,home,True,0.0,-15.0
20260405_15_29,20260405,0.9,home,home,True,-15.0,-15.0
20260405_17_27,20260405,0.55,home,home,True,-15.0,-46.0
20260405_16_30,20260405,0.55,home,away,False,-15.0,-15.0
20260405_2_28,20260405,0.8882846139411622,home,home,True,-15.0,-15.0
20260405_4_21,20260405,0.25950212152889474,away,away,True,-15.0,0.0
20260406_29_5,20260406,0.2799999999999999,away,away,True,-46.0,-46.0
20260406_7_22,20260406,0.9,home,home,True,-15.0,0.0
20260406_1_18,20260406,0.5894046535275518,home,away,False,0.0,0.0
20260406_19_8,20260406,0.218418020847562,away,home,False,-46.0,-15.0
20260406_24_20,20260406,0.8847839076605033,home,home,True,-15.0,-15.0
20260407_27_4,20260407,0.5392108574112976,home,away,False,-15.0,-15.0
20260407_2_30,20260407,0.8633764452149456,home,home,True,-15.0,-15.0
20260407_17_15,20260407,0.28488452260900166,away,home,False,-15.0,-15.0
20260407_28_14,20260407,0.65,home,home,True,-15.0,0.0
20260407_11_16,20260407,0.5188995693506203,home,away,False,-15.0,-15.0
20260407_3_26,20260407,0.8000750363091136,home,home,True,-15.0,-15.0
20260407_9_23,20260407,0.804567128964837,home,home,True,-15.0,-15.0
20260407_13_25,20260407,0.32580575982817306,away,away,True,-15.0,-15.0
20260407_12_6,20260407,0.8709143402225455,home,home,True,-15.0,-15.0
20260407_21_10,20260407,0.3621079641010103,away,away,True,-15.0,-15.0
20260408_5_1,20260408,0.8210299154224199,home,home,True,-15.0,-15.0
20260408_19_16,20260408,0.5116751314150421,home,home,True,-15.0,-46.0
20260408_8_15,20260408,0.65,home,home,True,-15.0,-46.0
20260408_24_22,20260408,0.8498816602291646,home,home,True,-15.0,-15.0
20260408_7_29,20260408,0.9,home,home,True,-15.0,-15.0
20260408_12_25,20260408,0.2799999999999999,away,away,True,-46.0,-46.0
20260408_21_6,20260408,0.8242937809254698,home,home,True,-46.0,-46.0
20260409_10_20,20260409,0.80367576971335,home,home,True,-15.0,0.0
20260409_27_4,20260409,0.5010263385669924,home,away,False,-15.0,-15.0
20260409_9_13,20260409,0.4693029914975244,away,away,True,-15.0,-15.0
20260409_28_14,20260409,0.65,home,home,True,-15.0,-15.0
20260409_18_2,20260409,0.45428968757543464,away,home,False,0.0,-15.0
20260409_17_11,20260409,0.41879910458266034,away,away,True,-15.0,-15.0
20260410_30_8,20260410,0.5213197239417064,home,away,False,0.0,-15.0
20260410_27_14,20260410,0.39643847958299017,away,away,True,-46.0,-46.0
20260410_1_5,20260410,0.42068646819772526,away,home,False,-15.0,-15.0
20260410_2_3,20260410,0.9,home,home,True,-46.0,0.0
20260410_11_20,20260410,0.55,home,away,False,-46.0,-46.0
20260410_18_28,20260410,0.7810591918826849,home,home,True,-46.0,-46.0
20260410_4_19,20260410,0.32665731868262826,away,away,True,-46.0,-15.0
20260410_10_16,20260410,0.65,home,away,False,-46.0,-15.0
20260410_15_17,20260410,0.9,home,home,True,-15.0,-46.0
20260410_24_6,20260410,0.9,home,home,True,-15.0,-15.0
20260410_26_29,20260410,0.5089548001195986,home,home,True,0.0,-15.0
20260410_7_25,20260410,0.5150639203553303,home,home,True,-15.0,-15.0
20260410_22_12,20260410,0.55,home,home,True,-15.0,-15.0
20260410_23_9,20260410,0.47679459744380925,away,home,False,0.0,-46.0
20260410_13_21,20260410,0.7922101409376083,home,home,True,-46.0,-15.0
20260412_2_19,20260412,0.8992351665646368,home,home,True,-15.0,-15.0
20260412_5_27,20260412,0.9,home,home,True,-15.0,-15.0
20260412_11_8,20260412,0.2764734492683607,away,away,True,-15.0,-15.0
20260412_14_1,20260412,0.3803377512849617,away,home,False,-15.0,-15.0
20260412_18_30,20260412,0.8265549527928525,home,away,False,-15.0,-15.0
20260412_20_15,20260412,0.5412256136630241,home,home,True,-15.0,-15.0
20260412_28_17,20260412,0.9,home,home,True,-15.0,-15.0
20260412_6_4,20260412,0.55,home,home,True,-15.0,-15.0
20260412_10_29,20260412,0.9,home,home,True,-15.0,-15.0
20260412_16_3,20260412,0.8736344516418113,home,home,True,-15.0,-15.0
20260412_25_21,20260412,0.9,home,away,False,-15.0,-15.0
20260412_24_7,20260412,0.3724769284321643,away,away,True,-15.0,-15.0
20260412_13_26,20260412,0.9,home,home,True,-15.0,-15.0
20260412_12_9,20260412,0.55,home,home,True,-15.0,-15.0
20260412_22_23,20260412,0.75,home,home,True,-15.0,-15.0
20260414_30_14,20260414,0.55,home,home,True,-15.0,-15.0
20260414_21_22,20260414,0.530019899603587,home,away,False,-15.0,-15.0
20260415_20_19,20260415,0.5178518464303292,home,home,True,0.0,0.0
20260415_12_9,20260415,0.55,home,away,False,0.0,0.0
20260417_19_30,20260417,0.5107752541218397,home,home,True,-15.0,0.0
20260417_21_9,20260417,0.5048116317469613,home,home,True,0.0,-15.0
20260418_18_1,20260418,0.7949905859069523,home,home,True,0.0,0.0
20260418_5_28,20260418,0.8598821046495598,home,home,True,0.0,0.0
20260418_7_16,20260418,0.9,home,home,True,0.0,0.0
20260418_13_10,20260418,0.65,home,home,True,0.0,0.0
20260419_8_19,20260419,0.8017010382336754,home,away,False,0.0,-15.0
20260419_2_20,20260419,0.9,home,home,True,0.0,0.0
20260419_25_21,20260419,0.9,home,home,True,0.0,-15.0
20260419_24_22,20260419,0.8268720766730371,home,home,True,0.0,0.0
20260420_18_1,20260420,0.8207856756640117,home,away,False,-15.0,-15.0
20260420_5_28,20260420,0.8696772247119875,home,home,True,-15.0,-15.0
20260420_7_16,20260420,0.9,home,away,False,-15.0,-15.0
20260421_2_20,20260421,0.9,home,away,False,-15.0,-15.0
20260421_24_22,20260421,0.8503615099410952,home,away,False,-15.0,-15.0
20260421_13_10,20260421,0.75,home,home,True,0.0,0.0
20260422_8_19,20260422,0.7226109316625786,home,home,True,0.0,0.0
20260422_25_21,20260422,0.9,home,home,True,0.0,0.0
20260423_1_18,20260423,0.44677643552121393,away,home,False,0.0,0.0
20260423_28_5,20260423,0.35352550785859105,away,home,False,0.0,0.0
20260423_16_7,20260423,0.2799999999999999,away,home,False,0.0,0.0
20260424_20_2,20260424,0.34339675540287085,away,away,True,0.0,0.0
20260424_22_24,20260424,0.34642106642307513,away,away,True,0.0,0.0
20260424_10_13,20260424,0.33268651341647293,away,away,True,0.0,0.0
20260425_19_8,20260425,0.3629792237570568,away,home,False,0.0,0.0
20260425_1_18,20260425,0.46681114686874803,away,away,True,-15.0,-15.0
20260425_21_25,20260425,0.2799999999999999,away,away,True,0.0,0.0
20260425_16_7,20260425,0.31745500316010766,away,home,False,-15.0,-15.0
20260426_20_2,20260426,0.3114594050395132,away,away,True,-15.0,-15.0
20260426_28_5,20260426,0.40375990675699125,away,home,False,0.0,0.0
20260426_22_24,20260426,0.2964233452809909,away,away,True,-15.0,-15.0
20260426_10_13,20260426,0.31813048001679844,away,home,False,-15.0,-15.0
20260427_19_8,20260427,0.4464310601472047,away,home,False,-15.0,-15.0
20260427_21_25,20260427,0.2799999999999999,away,away,True,-15.0,-15.0
20260427_7_16,20260427,0.8863366118695989,home,home,True,-15.0,-15.0
20260428_2_20,20260428,0.9,home,away,False,-15.0,-15.0
20260428_18_1,20260428,0.840705375298512,home,home,True,0.0,0.0
20260428_24_22,20260428,0.8811017230078906,home,home,True,-15.0,-15.0
20260429_8_19,20260429,0.65,home,home,True,-15.0,-15.0
20260429_5_28,20260429,0.8418582286106839,home,home,True,0.0,0.0
20260429_13_10,20260429,0.75,home,away,False,0.0,0.0
20260430_20_2,20260430,0.3010289601680771,away,home,False,-15.0,-15.0
20260430_1_18,20260430,0.35458894994856693,away,away,True,-15.0,-15.0
20260430_16_7,20260430,0.3387607361405087,away,home,False,0.0,0.0
20260501_19_8,20260501,0.4673662998389184,away,away,True,-15.0,-15.0
20260501_28_5,20260501,0.3831617947964263,away,home,False,-15.0,-15.0
20260501_10_13,20260501,0.4659887941599077,away,away,True,-15.0,-15.0
20260502_2_20,20260502,0.851053791444667,home,away,False,-15.0,-15.0
20260503_8_19,20260503,0.7937961219936129,home,home,True,-15.0,-15.0
20260503_5_28,20260503,0.8431276322531083,home,home,True,-15.0,-15.0
20260504_18_20,20260504,0.8605959851558044,home,home,True,0.0,-15.0
20260504_24_16,20260504,0.7203721783933508,home,away,False,0.0,0.0
20260505_8_5,20260505,0.5572970924947993,home,home,True,-15.0,-15.0
20260505_25_13,20260505,0.8352318791011628,home,home,True,0.0,0.0
20260506_18_20,20260506,0.9,home,home,True,-15.0,-15.0
20260506_24_16,20260506,0.65,home,home,True,-15.0,-15.0
20260507_8_5,20260507,0.5784250361742544,home,home,True,-15.0,-15.0
20260507_25_13,20260507,0.9,home,home,True,-15.0,-15.0
20260508_20_18,20260508,0.3163809657018215,away,away,True,-15.0,-15.0
20260508_16_24,20260508,0.35125919922227644,away,away,True,-15.0,-15.0
20260509_5_8,20260509,0.55,home,home,True,-15.0,-15.0
20260509_13_25,20260509,0.3353722600727318,away,away,True,-15.0,-15.0
20260510_20_18,20260510,0.29042206573579743,away,away,True,-15.0,-15.0
20260510_16_24,20260510,0.3159113911583967,away,home,False,-15.0,-15.0
